독립변수,k,테스트정확도,N=3,옐로페이
"[8, 9, 10, 11, 13]",7,79.71,,
"[3, 11, 13]",3,78.26,,
"[3, 11, 13]",4,78.26,,
"[8, 10, 11, 13]",7,78.26,,
"[8, 11]",3,78.26,,
"[8, 11]",4,78.26,,
"[8, 11, 13]",5,78.26,,
"[8, 11, 13]",6,78.26,,
"[3, 8, 9, 10, 11, 13]",5,76.81,,
"[3, 8, 9, 10, 11, 13]",6,76.81,,
"[3, 13]",3,76.81,,
"[3, 13]",4,76.81,,
"[4, 9, 10, 11, 13]",3,76.81,,
"[4, 9, 10, 11, 13]",4,76.81,,
"[4, 10, 11, 13]",5,76.81,,
"[4, 10, 11, 13]",6,76.81,,
"[4, 13]",3,76.81,,
"[4, 13]",4,76.81,,
"[5, 6, 7, 8, 9, 10, 11, 13]",3,76.81,,
"[5, 8, 9, 10, 11, 13]",5,76.81,,
"[6, 8, 9]",5,76.81,,
"[6, 8, 9]",6,76.81,,
"[6, 9, 10]",5,76.81,,
"[6, 10, 11]",5,76.81,,
"[7, 11, 13]",5,76.81,,
"[8, 10, 11]",5,76.81,,
"[8, 11, 13]",7,76.81,,
"[9, 10, 11]",5,76.81,,
"[9, 10, 11]",6,76.81,,
"[9, 10, 11, 13]",5,76.81,,
"[9, 10, 11, 13]",6,76.81,,
"[9, 10, 11, 13]",7,76.81,,
"[10, 11, 13]",5,76.81,,
"[10, 11, 13]",7,76.81,,
"[10, 13]",5,76.81,,
"[10, 13]",6,76.81,,
"[11, 13]",5,76.81,,
"[11, 13]",6,76.81,,
"[3, 5, 6, 7, 8, 9, 10, 11, 13]",3,75.36,,
"[3, 5, 6, 7, 8, 9, 10, 11, 13]",4,75.36,,
"[3, 8, 9, 10, 11]",5,75.36,,
"[3, 11, 13]",5,75.36,,
"[3, 11, 13]",6,75.36,,
"[4, 6, 7, 8, 9, 10, 11, 13]",3,75.36,,
"[4, 6, 7, 8, 9, 10, 11, 13]",4,75.36,,
"[4, 7, 8, 9, 10, 11, 13]",3,75.36,,
"[4, 8, 9, 10, 11, 13]",5,75.36,,
"[4, 8, 9, 10, 11, 13]",6,75.36,,
"[4, 9, 10, 11]",4,75.36,,
"[4, 9, 10, 11, 13]",5,75.36,,
"[4, 9, 10, 11, 13]",6,75.36,,
"[4, 11, 13]",3,75.36,,
"[4, 11, 13]",4,75.36,,
"[5, 6, 7, 8, 9, 10, 11, 13]",5,75.36,,
"[5, 9, 10, 11]",6,75.36,,
"[5, 11, 13]",7,75.36,,
"[6, 8, 9, 10]",7,75.36,,
"[6, 8, 9, 10, 11]",5,75.36,,
"[6, 8, 9, 10, 11]",6,75.36,,
"[6, 8, 9, 10, 11]",7,75.36,,
"[6, 8, 9, 10, 11, 13]",5,75.36,,
"[6, 8, 9, 10, 11, 13]",6,75.36,,
"[6, 8, 9, 10, 11, 13]",7,75.36,,
"[6, 9, 10, 11]",5,75.36,,
"[6, 9, 10, 11]",6,75.36,,
"[7, 11, 13]",6,75.36,,
"[7, 13]",6,75.36,,
"[8, 9, 10, 11, 13]",5,75.36,,
"[8, 9, 10, 11, 13]",6,75.36,,
"[8, 10, 11]",6,75.36,,
"[8, 10, 11, 13]",5,75.36,,
"[8, 10, 11, 13]",6,75.36,,
"[8, 11]",5,75.36,,
"[8, 11]",6,75.36,,
"[8, 13]",5,75.36,,
"[8, 13]",6,75.36,,
"[9, 11, 13]",5,75.36,,
"[9, 11, 13]",6,75.36,,
"[3, 4, 5, 6, 7, 8, 9, 10, 11, 13]",3,73.91,,
"[3, 5, 6, 7, 8, 9, 10, 11, 13]",5,73.91,,
"[3, 7, 8, 9, 10, 11, 13]",5,73.91,,
"[3, 8, 9, 10, 11]",6,73.91,,
"[3, 9, 10]",6,73.91,,
"[3, 9, 10, 11]",5,73.91,,
"[3, 9, 10, 11]",6,73.91,,
"[3, 9, 10, 11, 13]",5,73.91,,
"[3, 9, 10, 11, 13]",6,73.91,,
"[3, 10, 11]",5,73.91,,
"[3, 10, 11, 13]",6,73.91,,
"[3, 11]",3,73.91,,
"[4, 6, 7, 8, 9]",6,73.91,,
"[4, 8]",4,73.91,,
"[4, 8]",5,73.91,,
"[4, 8, 9, 10]",7,73.91,,
"[4, 8, 9, 10, 11]",7,73.91,,
"[4, 8, 9, 10, 11, 13]",3,73.91,,
"[4, 8, 9, 10, 11, 13]",4,73.91,,
"[4, 9]",3,73.91,,
"[4, 9, 10, 11]",5,73.91,,
"[4, 9, 10, 11]",6,73.91,,
"[4, 10, 11]",5,73.91,,
"[4, 11]",6,73.91,,
"[5, 6, 7, 8, 9, 10, 11, 13]",6,73.91,,
"[5, 7, 8, 9, 10, 11, 13]",5,73.91,,
"[5, 8, 9, 10]",5,73.91,,
"[5, 9, 10]",5,73.91,,
"[5, 9, 10, 11]",5,73.91,,
"[5, 9, 10, 11]",7,73.91,,
"[5, 13]",5,73.91,,
"[5, 13]",6,73.91,,
"[6, 7, 8, 9, 10, 11, 13]",5,73.91,,
"[6, 8, 9, 10]",5,73.91,,
"[6, 8, 9, 10]",6,73.91,,
"[6, 9]",7,73.91,,
"[6, 9, 10, 11]",7,73.91,,
"[6, 9, 10, 11, 13]",5,73.91,,
"[6, 9, 10, 11, 13]",6,73.91,,
"[6, 10, 11, 13]",5,73.91,,
"[6, 10, 11, 13]",6,73.91,,
"[6, 11]",6,73.91,,
"[6, 11, 13]",7,73.91,,
"[7, 9, 10, 11, 13]",6,73.91,,
"[8, 9, 10, 11]",5,73.91,,
"[8, 9, 10, 11]",6,73.91,,
"[8, 10, 11]",7,73.91,,
"[9, 10, 11]",3,73.91,,
"[9, 10, 11]",4,73.91,,
"[10, 11]",7,73.91,,
"[3, 4, 5, 6, 7, 8]",5,72.46,,
"[3, 4, 5, 6, 7, 8, 9]",5,72.46,,
"[3, 4, 5, 6, 7, 8, 9, 10, 11, 13]",4,72.46,,
"[3, 4, 5, 6, 7, 8, 9, 10, 11, 13]",5,72.46,,
"[3, 5, 6, 7, 8, 9, 10, 11, 13]",6,72.46,,
"[3, 7, 8, 9, 10, 11, 13]",6,72.46,,
"[3, 8]",4,72.46,,
"[3, 8, 9, 10, 11]",7,72.46,,
"[3, 8, 9, 10, 11, 13]",7,72.46,,
"[3, 9, 10]",7,72.46,,
"[3, 9, 10, 11]",7,72.46,,
"[3, 10, 11]",7,72.46,,
"[3, 10, 11, 13]",5,72.46,,
"[3, 13]",6,72.46,,
"[4, 5, 6, 7, 8, 9, 10]",5,72.46,,
"[4, 5, 6, 7, 8, 9, 10, 11]",5,72.46,,
"[4, 5, 6, 7, 8, 9, 10, 11, 13]",5,72.46,,
"[4, 6, 7, 8]",5,72.46,,
"[4, 8]",7,72.46,,
"[4, 8, 9]",7,72.46,,
"[4, 8, 9, 10, 11]",3,72.46,,
"[4, 8, 9, 10, 11]",4,72.46,,
"[4, 8, 9, 10, 11, 13]",7,72.46,,
"[4, 9]",5,72.46,,
"[4, 9]",7,72.46,,
"[4, 9, 10]",6,72.46,,
"[4, 9, 10, 11]",7,72.46,,
"[4, 10, 11, 13]",7,72.46,,
"[4, 11]",3,72.46,,
"[4, 11, 13]",5,72.46,,
"[4, 11, 13]",6,72.46,,
"[4, 13]",5,72.46,,
"[4, 13]",6,72.46,,
"[5, 6, 7, 8]",5,72.46,,
"[5, 6, 7, 8, 9, 10]",6,72.46,,
"[5, 7, 8, 9, 10, 11]",6,72.46,,
"[5, 7, 8, 9, 10, 11, 13]",6,72.46,,
"[5, 8]",5,72.46,,
"[5, 8]",6,72.46,,
"[5, 8, 9, 10]",7,72.46,,
"[5, 8, 9, 10, 11]",3,72.46,,
"[5, 8, 9, 10, 11]",4,72.46,,
"[5, 8, 9, 10, 11]",5,72.46,,
"[5, 8, 9, 10, 11]",6,72.46,,
"[5, 8, 9, 10, 11]",7,72.46,,
"[5, 9, 10]",6,72.46,,
"[5, 9, 10]",7,72.46,,
"[5, 9, 10, 11, 13]",6,72.46,,
"[5, 10]",7,72.46,,
"[5, 10, 11]",6,72.46,,
"[5, 10, 11]",7,72.46,,
"[5, 10, 11, 13]",6,72.46,,
"[5, 11]",5,72.46,,
"[6, 7, 8]",6,72.46,,
"[6, 9, 10]",6,72.46,,
"[6, 9, 10]",7,72.46,,
"[6, 10]",6,72.46,,
"[6, 10]",7,72.46,,
"[6, 10, 11]",6,72.46,,
"[6, 10, 11]",7,72.46,,
"[6, 11, 13]",5,72.46,,
"[6, 11, 13]",6,72.46,,
"[6, 13]",5,72.46,,
"[6, 13]",6,72.46,,
"[8, 9]",3,72.46,,
"[8, 9]",4,72.46,,
"[8, 9]",5,72.46,,
"[8, 9]",6,72.46,,
"[8, 9, 10]",3,72.46,,
"[8, 9, 10]",4,72.46,,
"[8, 9, 10, 11]",7,72.46,,
"[8, 10]",3,72.46,,
"[8, 10]",4,72.46,,
"[8, 10]",7,72.46,,
"[8, 11]",7,72.46,,
"[9, 10, 11]",7,72.46,,
"[9, 11]",7,72.46,,
"[13, 15]",5,72.46,,
"[13, 17]",5,72.46,,
"[13, 17]",6,72.46,,
"[3, 4, 5]",5,71.01,,
"[3, 4, 5, 6, 7, 8]",6,71.01,,
"[3, 4, 5, 6, 7, 8, 9]",6,71.01,,
"[3, 4, 5, 6, 7, 8, 9, 10]",5,71.01,,
"[3, 4, 5, 6, 7, 8, 9, 10, 11, 13]",6,71.01,,
"[3, 5, 6, 7, 8]",6,71.01,,
"[3, 5, 6, 7, 8, 9]",6,71.01,,
"[3, 6, 7, 8]",6,71.01,,
"[3, 6, 7, 8, 9]",6,71.01,,
"[3, 8, 9, 10]",5,71.01,,
"[3, 8, 9, 10]",6,71.01,,
"[3, 9]",3,71.01,,
"[3, 9]",4,71.01,,
"[3, 9]",5,71.01,,
"[3, 9, 10, 11, 13]",7,71.01,,
"[3, 10, 11]",6,71.01,,
"[3, 11, 13]",7,71.01,,
"[3, 13]",5,71.01,,
"[4, 5, 6, 7, 8]",4,71.01,,
"[4, 5, 6, 7, 8, 9]",4,71.01,,
"[4, 5, 6, 7, 8, 9, 10]",6,71.01,,
"[4, 5, 6, 7, 8, 9, 10, 11]",6,71.01,,
"[4, 5, 6, 7, 8, 9, 10, 11, 13]",6,71.01,,
"[4, 6, 7, 8]",6,71.01,,
"[4, 7, 8, 9, 10, 11, 13]",6,71.01,,
"[4, 8, 9, 10]",3,71.01,,
"[4, 8, 9, 10]",4,71.01,,
"[4, 8, 9, 10]",5,71.01,,
"[4, 8, 9, 10]",6,71.01,,
"[4, 9, 10]",7,71.01,,
"[4, 9, 10, 11, 13]",7,71.01,,
"[4, 10, 11]",6,71.01,,
"[4, 10, 11]",7,71.01,,
"[4, 11]",5,71.01,,
"[4, 11]",7,71.01,,
"[5, 6, 7, 8]",6,71.01,,
"[5, 6, 7, 8, 9]",6,71.01,,
"[5, 8, 9, 10]",3,71.01,,
"[5, 8, 9, 10]",4,71.01,,
"[5, 8, 9, 10, 11, 13]",7,71.01,,
"[5, 9]",5,71.01,,
"[5, 9, 10, 11, 13]",5,71.01,,
"[5, 9, 10, 11, 13]",7,71.01,,
"[5, 10, 11, 13]",5,71.01,,
"[5, 11]",6,71.01,,
"[6, 7, 8, 9]",6,71.01,,
"[6, 7, 8, 9, 10, 11, 13]",6,71.01,,
"[6, 11]",7,71.01,,
"[7, 8, 9, 10, 11, 13]",7,71.01,,
"[7, 10, 11, 13]",7,71.01,,
"[8, 10]",5,71.01,,
"[8, 10]",6,71.01,,
"[8, 10, 11]",3,71.01,,
"[8, 10, 11]",4,71.01,,
"[9, 10]",7,71.01,,
"[10, 13]",7,71.01,,
"[11, 13, 14]",4,71.01,,
"[13, 15, 16]",6,71.01,,
"[13, 17]",4,71.01,,
"[3, 4, 5, 6, 7, 8, 9, 10, 11]",5,69.57,,
"[3, 5, 6]",5,69.57,,
"[3, 7, 8, 9, 10, 11, 13]",7,69.57,,
"[3, 8, 9, 10]",7,69.57,,
"[3, 9]",6,69.57,,
"[3, 10]",6,69.57,,
"[3, 10]",7,69.57,,
"[3, 11]",4,69.57,,
"[3, 11]",6,69.57,,
"[3, 11]",7,69.57,,
"[3, 17]",7,69.57,,
"[4, 5, 6, 7, 8]",5,69.57,,
"[4, 5, 6, 7, 8, 9]",5,69.57,,
"[4, 6, 7, 8, 9, 10, 11]",7,69.57,,
"[4, 6, 7, 8, 9, 10, 11, 13]",7,69.57,,
"[4, 7, 8, 9, 10]",7,69.57,,
"[4, 7, 8, 9, 10, 11]",7,69.57,,
"[4, 7, 8, 9, 10, 11, 13]",7,69.57,,
"[4, 7, 8, 9, 10, 11, 13, 14]",5,69.57,,
"[4, 9]",4,69.57,,
"[4, 11]",4,69.57,,
"[5, 7, 8, 9, 10, 11, 13]",7,69.57,,
"[5, 9]",7,69.57,,
"[5, 10]",6,69.57,,
"[5, 11]",7,69.57,,
"[5, 17]",7,69.57,,
"[6, 7, 8, 9, 10]",7,69.57,,
"[6, 7, 8, 9, 10, 11]",7,69.57,,
"[6, 7, 8, 9, 10, 11, 13]",7,69.57,,
"[6, 7, 8, 9, 10, 11, 13, 14]",5,69.57,,
"[6, 9, 10, 11, 13, 14, 15, 16]",3,69.57,,
"[6, 10, 11, 13, 14, 15, 16]",3,69.57,,
"[7, 8, 9, 10]",7,69.57,,
"[7, 8, 9, 10, 11]",7,69.57,,
"[7, 8, 9, 10, 11, 13, 14]",4,69.57,,
"[7, 8, 9, 10, 11, 13, 14]",5,69.57,,
"[7, 8, 9, 10, 11, 13, 14]",7,69.57,,
"[7, 9, 10]",7,69.57,,
"[7, 9, 10, 11]",7,69.57,,
"[7, 9, 10, 11, 13]",7,69.57,,
"[7, 9, 10, 11, 13, 14]",5,69.57,,
"[7, 10]",5,69.57,,
"[7, 13, 14, 15, 16]",5,69.57,,
"[8, 9, 10]",5,69.57,,
"[8, 9, 10]",6,69.57,,
"[8, 9, 10, 11]",3,69.57,,
"[8, 9, 10, 11]",4,69.57,,
"[8, 9, 10, 11, 13, 14]",4,69.57,,
"[8, 11, 13, 14]",4,69.57,,
"[8, 13, 14]",4,69.57,,
"[8, 16, 17]",6,69.57,,
"[8, 16, 17]",7,69.57,,
"[9, 10]",5,69.57,,
"[9, 10, 11, 13, 14, 15, 16]",3,69.57,,
"[9, 11, 13, 14]",4,69.57,,
"[9, 15, 16]",6,69.57,,
"[9, 15, 16]",7,69.57,,
[10],6,69.57,,
[10],7,69.57,,
"[10, 11, 13, 14, 15, 16]",3,69.57,,
[11],3,69.57,,
[11],4,69.57,,
"[11, 15, 16]",6,69.57,,
"[11, 15, 16]",7,69.57,,
"[11, 16, 17]",7,69.57,,
"[13, 16, 17]",7,69.57,,
"[13, 17]",3,69.57,,
"[3, 4]",6,68.12,,
"[3, 4, 5]",6,68.12,,
"[3, 4, 5, 6]",4,68.12,,
"[3, 4, 5, 6]",5,68.12,,
"[3, 4, 5, 6]",6,68.12,,
"[3, 4, 5, 6]",7,68.12,,
"[3, 4, 5, 6, 7, 8, 9, 10]",6,68.12,,
"[3, 4, 5, 6, 7, 8, 9, 10, 11]",6,68.12,,
"[3, 5, 6, 7]",5,68.12,,
"[3, 5, 6, 7, 8, 9, 10, 11, 13]",7,68.12,,
"[3, 6, 7]",5,68.12,,
"[3, 6, 7, 8, 9, 10, 11, 13]",7,68.12,,
"[3, 6, 7, 8, 9, 10, 11, 13, 14]",4,68.12,,
"[3, 6, 7, 8, 9, 10, 11, 13, 14]",7,68.12,,
"[3, 7, 8, 9, 10, 11]",7,68.12,,
"[3, 7, 8, 9, 10, 11, 13, 14]",4,68.12,,
"[3, 8]",6,68.12,,
"[3, 8, 9]",5,68.12,,
"[3, 8, 9]",6,68.12,,
"[3, 9]",7,68.12,,
"[3, 9, 10, 11, 13, 14]",5,68.12,,
"[3, 9, 10, 11, 13, 14, 15, 16]",3,68.12,,
"[3, 10, 11, 13, 14]",5,68.12,,
"[3, 10, 11, 13, 14, 15, 16]",3,68.12,,
"[3, 11]",5,68.12,,
"[3, 13, 14, 15, 16]",4,68.12,,
[4],7,68.12,,
"[4, 5]",4,68.12,,
"[4, 5]",6,68.12,,
"[4, 5, 6, 7, 8]",6,68.12,,
"[4, 5, 6, 7, 8, 9]",6,68.12,,
"[4, 5, 6, 7, 8, 9, 10, 11, 13]",7,68.12,,
"[4, 5, 6, 7, 8, 9, 10, 11, 13, 14]",4,68.12,,
"[4, 6]",7,68.12,,
"[4, 6, 7]",5,68.12,,
"[4, 6, 7]",6,68.12,,
"[4, 6, 7, 8, 9, 10]",7,68.12,,
"[4, 6, 7, 8, 9, 10, 11, 13, 14]",4,68.12,,
"[4, 6, 7, 8, 9, 10, 11, 13, 14]",6,68.12,,
"[4, 6, 7, 8, 9, 10, 11, 13, 14]",7,68.12,,
"[4, 7, 8]",7,68.12,,
"[4, 7, 8, 9]",7,68.12,,
"[4, 7, 8, 9, 10, 11, 13, 14]",4,68.12,,
"[4, 8, 9, 10, 11, 13, 14, 15, 16]",3,68.12,,
"[4, 9, 10, 11, 13, 14, 15, 16]",3,68.12,,
"[4, 10, 11, 13, 14, 15, 16]",3,68.12,,
"[4, 11, 13, 14, 15, 16]",3,68.12,,
"[4, 13, 14, 15, 16]",4,68.12,,
"[5, 6]",5,68.12,,
"[5, 6]",6,68.12,,
"[5, 6, 7]",3,68.12,,
"[5, 6, 7]",4,68.12,,
"[5, 6, 7]",5,68.12,,
"[5, 6, 7, 8, 9, 10, 11, 13]",7,68.12,,
"[5, 6, 7, 8, 9, 10, 11, 13, 14]",4,68.12,,
"[5, 6, 7, 8, 9, 10, 11, 13, 14]",7,68.12,,
"[5, 7, 8, 9, 10, 11]",7,68.12,,
"[5, 7, 8, 9, 10, 11, 13, 14]",4,68.12,,
"[5, 9]",6,68.12,,
"[5, 9, 10, 11, 13, 14]",5,68.12,,
"[5, 9, 10, 11, 13, 14, 15, 16]",3,68.12,,
"[5, 10, 11, 13, 14]",5,68.12,,
"[5, 10, 11, 13, 14, 15, 16]",3,68.12,,
"[5, 13]",7,68.12,,
"[6, 7]",4,68.12,,
"[6, 7]",5,68.12,,
"[6, 7]",6,68.12,,
"[6, 7, 8]",7,68.12,,
"[6, 7, 8, 9]",7,68.12,,
"[6, 7, 8, 9, 10, 11, 13, 14]",4,68.12,,
"[6, 7, 8, 9, 10, 11, 13, 14]",6,68.12,,
"[6, 7, 8, 9, 10, 11, 13, 14]",7,68.12,,
"[6, 11, 13, 14, 15, 16]",3,68.12,,
"[6, 11, 13, 14, 15, 16]",4,68.12,,
"[6, 16, 17]",5,68.12,,
"[7, 8, 9, 10, 11, 13, 14, 15]",4,68.12,,
"[7, 8, 9, 10, 11, 13, 14, 15]",5,68.12,,
"[7, 8, 9, 10, 11, 13, 14, 15]",6,68.12,,
"[7, 9, 10, 11, 13, 14]",4,68.12,,
"[7, 9, 10, 11, 13, 14, 15]",3,68.12,,
"[7, 10]",4,68.12,,
"[7, 10, 11]",7,68.12,,
"[7, 10, 11, 13, 14]",4,68.12,,
"[7, 11, 13, 14, 15]",4,68.12,,
"[7, 11, 13, 14, 15, 16]",5,68.12,,
"[7, 13, 14, 15]",4,68.12,,
"[8, 9, 10, 11, 13, 14, 15]",6,68.12,,
"[8, 10, 11, 13, 14]",3,68.12,,
"[8, 10, 11, 13, 14]",4,68.12,,
"[8, 11, 13, 14]",7,68.12,,
"[8, 11, 13, 14, 15]",5,68.12,,
"[9, 10]",6,68.12,,
"[9, 10, 11, 13, 14]",4,68.12,,
"[9, 14, 15, 16]",6,68.12,,
"[9, 16, 17]",6,68.12,,
"[9, 16, 17]",7,68.12,,
"[10, 11, 13, 14]",4,68.12,,
"[10, 13, 14]",4,68.12,,
"[10, 13, 14, 15, 16]",3,68.12,,
"[10, 15]",6,68.12,,
"[10, 15]",7,68.12,,
"[11, 14]",4,68.12,,
"[11, 14, 15, 16]",6,68.12,,
"[13, 15]",7,68.12,,
"[13, 15, 16]",5,68.12,,
"[16, 17]",6,68.12,,
"[16, 17]",7,68.12,,
[3],5,66.67,,
"[3, 4]",5,66.67,,
"[3, 4]",7,66.67,,
"[3, 4, 5]",7,66.67,,
"[3, 4, 5, 6, 7]",3,66.67,,
"[3, 4, 5, 6, 7]",4,66.67,,
"[3, 4, 5, 6, 7]",5,66.67,,
"[3, 4, 5, 6, 7]",6,66.67,,
"[3, 4, 5, 6, 7, 8, 9, 10, 11, 13, 14]",6,66.67,,
"[3, 4, 5, 6, 7, 8, 9, 10, 11, 13, 14]",7,66.67,,
"[3, 4, 5, 6, 7, 8, 9, 10, 11, 13, 14, 15, 16]",5,66.67,,
"[3, 4, 5, 6, 7, 8, 9, 10, 11, 13, 14, 15, 16]",6,66.67,,
"[3, 5, 6]",7,66.67,,
"[3, 5, 6, 7]",6,66.67,,
"[3, 5, 6, 7, 8, 9, 10, 11, 13, 14]",3,66.67,,
"[3, 5, 6, 7, 8, 9, 10, 11, 13, 14]",4,66.67,,
"[3, 5, 6, 7, 8, 9, 10, 11, 13, 14, 15]",3,66.67,,
"[3, 5, 6, 7, 8, 9, 10, 11, 13, 14, 15, 16]",5,66.67,,
"[3, 6]",5,66.67,,
"[3, 6]",6,66.67,,
"[3, 6]",7,66.67,,
"[3, 6, 7]",6,66.67,,
"[3, 6, 7, 8]",7,66.67,,
"[3, 6, 7, 8, 9]",7,66.67,,
"[3, 6, 7, 8, 9, 10, 11]",7,66.67,,
"[3, 6, 7, 8, 9, 10, 11, 13, 14]",3,66.67,,
"[3, 6, 7, 8, 9, 10, 11, 13, 14, 15]",3,66.67,,
"[3, 7, 8]",6,66.67,,
"[3, 7, 8]",7,66.67,,
"[3, 7, 8, 9, 10]",7,66.67,,
"[3, 7, 8, 9, 10, 11, 13, 14]",3,66.67,,
"[3, 7, 8, 9, 10, 11, 13, 14]",7,66.67,,
"[3, 7, 8, 9, 10, 11, 13, 14, 15]",3,66.67,,
"[3, 8]",5,66.67,,
"[3, 8]",7,66.67,,
"[3, 8, 9, 10, 11, 13, 14]",3,66.67,,
"[3, 8, 9, 10, 11, 13, 14]",4,66.67,,
"[3, 8, 9, 10, 11, 13, 14, 15]",7,66.67,,
"[3, 9, 10, 11, 13, 14]",3,66.67,,
"[3, 9, 10, 11, 13, 14]",4,66.67,,
"[3, 9, 10, 11, 13, 14, 15]",7,66.67,,
"[3, 10, 11, 13, 14, 15]",7,66.67,,
"[3, 11, 13, 14, 15, 16]",7,66.67,,
"[3, 14, 15, 16]",3,66.67,,
"[3, 17]",6,66.67,,
[4],5,66.67,,
"[4, 5, 6]",5,66.67,,
"[4, 5, 6]",6,66.67,,
"[4, 5, 6]",7,66.67,,
"[4, 5, 6, 7]",3,66.67,,
"[4, 5, 6, 7, 8, 9, 10, 11, 13, 14]",3,66.67,,
"[4, 5, 6, 7, 8, 9, 10, 11, 13, 14, 15]",3,66.67,,
"[4, 5, 6, 7, 8, 9, 10, 11, 13, 14, 15, 16]",5,66.67,,
"[4, 6, 7]",3,66.67,,
"[4, 6, 7, 8, 9]",7,66.67,,
"[4, 6, 7, 8, 9, 10, 11, 13, 14]",3,66.67,,
"[4, 6, 7, 8, 9, 10, 11, 13, 14, 15]",3,66.67,,
"[4, 7]",4,66.67,,
"[4, 7]",5,66.67,,
"[4, 7]",6,66.67,,
"[4, 7, 8, 9, 10, 11, 13, 14]",3,66.67,,
"[4, 7, 8, 9, 10, 11, 13, 14]",7,66.67,,
"[4, 7, 8, 9, 10, 11, 13, 14, 15]",3,66.67,,
"[4, 8, 9, 10, 11, 13, 14, 15]",6,66.67,,
"[4, 9, 10, 11, 13, 14]",5,66.67,,
"[4, 11, 13, 14, 15, 16]",7,66.67,,
"[4, 13, 14, 15, 16]",3,66.67,,
"[4, 17]",6,66.67,,
[5],5,66.67,,
[5],7,66.67,,
"[5, 6]",3,66.67,,
"[5, 6, 7]",6,66.67,,
"[5, 6, 7, 8]",7,66.67,,
"[5, 6, 7, 8, 9]",7,66.67,,
"[5, 6, 7, 8, 9, 10, 11]",7,66.67,,
"[5, 6, 7, 8, 9, 10, 11, 13, 14]",3,66.67,,
"[5, 6, 7, 8, 9, 10, 11, 13, 14, 15]",3,66.67,,
"[5, 7]",5,66.67,,
"[5, 7, 8]",7,66.67,,
"[5, 7, 8, 9, 10]",7,66.67,,
"[5, 7, 8, 9, 10, 11, 13, 14]",3,66.67,,
"[5, 7, 8, 9, 10, 11, 13, 14]",7,66.67,,
"[5, 7, 8, 9, 10, 11, 13, 14, 15]",3,66.67,,
"[5, 8]",7,66.67,,
"[5, 8, 9]",5,66.67,,
"[5, 8, 9]",6,66.67,,
"[5, 8, 9]",7,66.67,,
"[5, 8, 9, 10, 11, 13, 14]",3,66.67,,
"[5, 8, 9, 10, 11, 13, 14]",4,66.67,,
"[5, 8, 9, 10, 11, 13, 14, 15]",7,66.67,,
"[5, 9, 10, 11, 13, 14]",3,66.67,,
"[5, 9, 10, 11, 13, 14]",4,66.67,,
"[5, 9, 10, 11, 13, 14, 15]",7,66.67,,
"[5, 10, 11, 13, 14, 15]",7,66.67,,
"[5, 11, 13, 14, 15, 16]",7,66.67,,
"[5, 17]",6,66.67,,
[6],6,66.67,,
"[6, 7]",3,66.67,,
"[6, 7, 8, 9, 10, 11, 13, 14]",3,66.67,,
"[6, 7, 8, 9, 10, 11, 13, 14, 15]",3,66.67,,
"[6, 8, 9, 10, 11, 13, 14, 15]",6,66.67,,
"[6, 8, 9, 10, 11, 13, 14, 15, 16]",4,66.67,,
"[6, 8, 9, 10, 11, 13, 14, 15, 16, 17]",3,66.67,,
"[6, 9, 10, 11, 13, 14]",5,66.67,,
"[6, 9, 10, 11, 13, 14, 15, 16]",4,66.67,,
"[6, 10, 11, 13, 14, 15, 16]",4,66.67,,
"[6, 13, 14, 15, 16]",3,66.67,,
"[6, 14, 15, 16]",3,66.67,,
"[6, 15, 16]",3,66.67,,
"[6, 16]",7,66.67,,
"[7, 9]",3,66.67,,
"[7, 9]",4,66.67,,
"[7, 9, 10, 11, 13, 14]",3,66.67,,
"[7, 9, 10, 11, 13, 14, 15]",7,66.67,,
"[7, 10]",3,66.67,,
"[7, 10, 11, 13, 14]",3,66.67,,
"[7, 10, 11, 13, 14, 15]",3,66.67,,
"[7, 10, 11, 13, 14, 15]",7,66.67,,
"[7, 11, 13, 14, 15]",3,66.67,,
"[7, 13, 14, 15]",5,66.67,,
"[7, 13, 14, 15, 16]",4,66.67,,
"[8, 9, 10, 11, 13, 14, 15]",3,66.67,,
"[8, 9, 10, 11, 13, 14, 15]",5,66.67,,
"[8, 9, 10, 11, 13, 14, 15, 16]",4,66.67,,
"[8, 9, 10, 11, 13, 14, 15, 16]",7,66.67,,
"[8, 10, 11, 13, 14, 15]",7,66.67,,
"[8, 10, 11, 13, 14, 15, 16]",4,66.67,,
"[8, 10, 11, 13, 14, 15, 16]",7,66.67,,
"[8, 11, 13, 14]",5,66.67,,
"[8, 11, 13, 14]",6,66.67,,
"[8, 11, 13, 14, 15]",4,66.67,,
"[8, 13, 14, 15]",7,66.67,,
"[8, 15]",6,66.67,,
"[8, 15, 16]",5,66.67,,
"[9, 10, 11, 13, 14, 15]",7,66.67,,
"[9, 10, 11, 13, 14, 15, 16]",4,66.67,,
"[9, 10, 11, 13, 14, 15, 16]",7,66.67,,
"[9, 11]",5,66.67,,
"[9, 11]",6,66.67,,
"[9, 11, 13, 14, 15]",4,66.67,,
"[9, 11, 13, 14, 15]",5,66.67,,
"[9, 13, 14]",5,66.67,,
"[9, 13, 14, 15]",4,66.67,,
"[9, 14, 15, 16]",3,66.67,,
"[9, 14, 15, 16]",4,66.67,,
"[9, 15]",5,66.67,,
"[9, 15]",7,66.67,,
"[10, 11, 13, 14, 15]",7,66.67,,
"[10, 11, 13, 14, 15, 16]",4,66.67,,
"[10, 11, 13, 14, 15, 16]",7,66.67,,
"[10, 13, 14, 15]",7,66.67,,
"[10, 15, 16]",3,66.67,,
"[10, 16, 17]",5,66.67,,
"[11, 13, 14, 15]",4,66.67,,
"[11, 14, 15]",4,66.67,,
"[11, 14, 15]",5,66.67,,
"[11, 14, 15]",7,66.67,,
"[11, 15]",5,66.67,,
"[11, 17]",7,66.67,,
"[13, 14]",5,66.67,,
"[13, 15, 16]",4,66.67,,
"[14, 15, 16]",3,66.67,,
[3],7,65.22,,
"[3, 4]",4,65.22,,
"[3, 4, 5]",3,65.22,,
"[3, 4, 5, 6, 7]",7,65.22,,
"[3, 4, 5, 6, 7, 8]",7,65.22,,
"[3, 4, 5, 6, 7, 8, 9]",7,65.22,,
"[3, 4, 5, 6, 7, 8, 9, 10, 11, 13]",7,65.22,,
"[3, 4, 5, 6, 7, 8, 9, 10, 11, 13, 14, 15]",7,65.22,,
"[3, 5]",6,65.22,,
"[3, 5]",7,65.22,,
"[3, 5, 6, 7, 8, 9, 10]",7,65.22,,
"[3, 5, 6, 7, 8, 9, 10, 11]",7,65.22,,
"[3, 5, 6, 7, 8, 9, 10, 11, 13, 14, 15]",6,65.22,,
"[3, 5, 6, 7, 8, 9, 10, 11, 13, 14, 15]",7,65.22,,
"[3, 5, 6, 7, 8, 9, 10, 11, 13, 14, 15, 16]",3,65.22,,
"[3, 5, 6, 7, 8, 9, 10, 11, 13, 14, 15, 16]",6,65.22,,
"[3, 6]",3,65.22,,
"[3, 6]",4,65.22,,
"[3, 6, 7]",7,65.22,,
"[3, 6, 7, 8, 9, 10]",7,65.22,,
"[3, 6, 7, 8, 9, 10, 11, 13, 14, 15]",6,65.22,,
"[3, 6, 7, 8, 9, 10, 11, 13, 14, 15]",7,65.22,,
"[3, 7, 8, 9]",7,65.22,,
"[3, 7, 8, 9, 10, 11, 13, 14, 15]",7,65.22,,
"[3, 8, 9, 10, 11, 13, 14]",5,65.22,,
"[3, 8, 9, 10, 11, 13, 14, 15, 16]",4,65.22,,
"[3, 8, 9, 10, 11, 13, 14, 15, 16]",7,65.22,,
"[3, 9, 10, 11, 13, 14]",6,65.22,,
"[3, 9, 10, 11, 13, 14, 15]",6,65.22,,
"[3, 9, 10, 11, 13, 14, 15, 16]",4,65.22,,
"[3, 9, 10, 11, 13, 14, 15, 16]",7,65.22,,
"[3, 10, 11, 13, 14]",3,65.22,,
"[3, 10, 11, 13, 14]",4,65.22,,
"[3, 10, 11, 13, 14, 15]",6,65.22,,
"[3, 10, 11, 13, 14, 15, 16]",4,65.22,,
"[3, 10, 11, 13, 14, 15, 16]",7,65.22,,
"[3, 11, 13, 14, 15, 16]",6,65.22,,
"[3, 13, 14, 15, 16]",7,65.22,,
"[3, 15]",5,65.22,,
"[3, 15]",6,65.22,,
"[3, 16, 17]",6,65.22,,
[4],4,65.22,,
"[4, 5]",7,65.22,,
"[4, 5, 6]",4,65.22,,
"[4, 5, 6, 7]",4,65.22,,
"[4, 5, 6, 7]",5,65.22,,
"[4, 5, 6, 7, 8, 9, 10]",7,65.22,,
"[4, 5, 6, 7, 8, 9, 10, 11]",7,65.22,,
"[4, 5, 6, 7, 8, 9, 10, 11, 13, 14, 15]",6,65.22,,
"[4, 5, 6, 7, 8, 9, 10, 11, 13, 14, 15]",7,65.22,,
"[4, 5, 6, 7, 8, 9, 10, 11, 13, 14, 15, 16]",3,65.22,,
"[4, 5, 6, 7, 8, 9, 10, 11, 13, 14, 15, 16]",6,65.22,,
"[4, 6]",5,65.22,,
"[4, 6, 7]",7,65.22,,
"[4, 6, 7, 8]",7,65.22,,
"[4, 6, 7, 8, 9, 10, 11, 13, 14, 15]",6,65.22,,
"[4, 6, 7, 8, 9, 10, 11, 13, 14, 15]",7,65.22,,
"[4, 7]",3,65.22,,
"[4, 7]",7,65.22,,
"[4, 7, 8, 9, 10, 11, 13, 14, 15]",4,65.22,,
"[4, 7, 8, 9, 10, 11, 13, 14, 15]",6,65.22,,
"[4, 8, 9, 10, 11, 13, 14]",3,65.22,,
"[4, 8, 9, 10, 11, 13, 14]",4,65.22,,
"[4, 8, 9, 10, 11, 13, 14, 15]",7,65.22,,
"[4, 8, 9, 10, 11, 13, 14, 15, 16]",4,65.22,,
"[4, 8, 9, 10, 11, 13, 14, 15, 16]",7,65.22,,
"[4, 9, 10, 11, 13, 14]",3,65.22,,
"[4, 9, 10, 11, 13, 14]",4,65.22,,
"[4, 9, 10, 11, 13, 14, 15]",6,65.22,,
"[4, 9, 10, 11, 13, 14, 15]",7,65.22,,
"[4, 9, 10, 11, 13, 14, 15, 16]",4,65.22,,
"[4, 9, 10, 11, 13, 14, 15, 16]",7,65.22,,
"[4, 10, 11, 13, 14]",3,65.22,,
"[4, 10, 11, 13, 14]",4,65.22,,
"[4, 10, 11, 13, 14]",5,65.22,,
"[4, 10, 11, 13, 14, 15]",6,65.22,,
"[4, 10, 11, 13, 14, 15]",7,65.22,,
"[4, 10, 11, 13, 14, 15, 16]",4,65.22,,
"[4, 10, 11, 13, 14, 15, 16]",7,65.22,,
"[4, 11, 13, 14, 15]",5,65.22,,
"[4, 11, 13, 14, 15, 16]",6,65.22,,
"[4, 13, 14, 15, 16]",7,65.22,,
"[4, 14, 15, 16]",3,65.22,,
"[4, 16, 17]",6,65.22,,
"[4, 17]",5,65.22,,
"[4, 17]",7,65.22,,
[5],6,65.22,,
"[5, 6]",7,65.22,,
"[5, 6, 7]",7,65.22,,
"[5, 6, 7, 8, 9, 10]",7,65.22,,
"[5, 6, 7, 8, 9, 10, 11, 13, 14, 15]",6,65.22,,
"[5, 6, 7, 8, 9, 10, 11, 13, 14, 15]",7,65.22,,
"[5, 7]",6,65.22,,
"[5, 7, 8, 9]",7,65.22,,
"[5, 7, 8, 9, 10, 11, 13, 14, 15]",7,65.22,,
"[5, 8, 9, 10, 11, 13, 14]",5,65.22,,
"[5, 8, 9, 10, 11, 13, 14, 15, 16]",4,65.22,,
"[5, 8, 9, 10, 11, 13, 14, 15, 16]",7,65.22,,
"[5, 8, 9, 10, 11, 13, 14, 15, 16, 17]",3,65.22,,
"[5, 9, 10, 11, 13, 14]",6,65.22,,
"[5, 9, 10, 11, 13, 14, 15]",6,65.22,,
"[5, 9, 10, 11, 13, 14, 15, 16]",4,65.22,,
"[5, 9, 10, 11, 13, 14, 15, 16]",7,65.22,,
"[5, 10, 11, 13, 14]",3,65.22,,
"[5, 10, 11, 13, 14]",4,65.22,,
"[5, 10, 11, 13, 14, 15]",6,65.22,,
"[5, 10, 11, 13, 14, 15, 16]",4,65.22,,
"[5, 10, 11, 13, 14, 15, 16]",7,65.22,,
"[5, 11, 13, 14, 15, 16]",6,65.22,,
"[5, 13, 14, 15, 16]",7,65.22,,
"[5, 14, 15]",5,65.22,,
"[5, 14, 15, 16]",4,65.22,,
"[5, 15]",7,65.22,,
"[5, 16, 17]",6,65.22,,
[6],4,65.22,,
[6],5,65.22,,
[6],7,65.22,,
"[6, 7]",7,65.22,,
"[6, 7, 8, 9, 10, 11, 13, 14, 15]",4,65.22,,
"[6, 7, 8, 9, 10, 11, 13, 14, 15]",6,65.22,,
"[6, 7, 8, 9, 10, 11, 13, 14, 15, 16]",3,65.22,,
"[6, 8, 9, 10, 11, 13, 14]",3,65.22,,
"[6, 8, 9, 10, 11, 13, 14]",4,65.22,,
"[6, 8, 9, 10, 11, 13, 14, 15]",7,65.22,,
"[6, 8, 9, 10, 11, 13, 14, 15, 16]",7,65.22,,
"[6, 9, 10, 11, 13, 14]",3,65.22,,
"[6, 9, 10, 11, 13, 14]",4,65.22,,
"[6, 9, 10, 11, 13, 14, 15]",6,65.22,,
"[6, 9, 10, 11, 13, 14, 15]",7,65.22,,
"[6, 9, 10, 11, 13, 14, 15, 16]",7,65.22,,
"[6, 10, 11, 13, 14]",3,65.22,,
"[6, 10, 11, 13, 14]",4,65.22,,
"[6, 10, 11, 13, 14, 15]",6,65.22,,
"[6, 10, 11, 13, 14, 15]",7,65.22,,
"[6, 10, 11, 13, 14, 15, 16]",7,65.22,,
"[6, 11, 13, 14, 15]",7,65.22,,
"[6, 11, 13, 14, 15, 16]",7,65.22,,
"[6, 13, 14, 15, 16]",4,65.22,,
"[6, 15]",6,65.22,,
"[6, 15]",7,65.22,,
"[6, 17]",4,65.22,,
"[6, 17]",7,65.22,,
"[7, 8, 9, 10, 11, 13, 14, 15, 16]",3,65.22,,
"[7, 8, 9, 10, 11, 13, 14, 15, 16]",5,65.22,,
"[7, 8, 9, 10, 11, 13, 14, 15, 16]",6,65.22,,
"[7, 8, 9, 10, 11, 13, 14, 15, 16]",7,65.22,,
"[7, 9, 10, 11, 13, 14, 15]",4,65.22,,
"[7, 9, 10, 11, 13, 14, 15]",5,65.22,,
"[7, 9, 10, 11, 13, 14, 15]",6,65.22,,
"[7, 9, 10, 11, 13, 14, 15, 16]",3,65.22,,
"[7, 9, 10, 11, 13, 14, 15, 16]",6,65.22,,
"[7, 9, 10, 11, 13, 14, 15, 16]",7,65.22,,
"[7, 10]",6,65.22,,
"[7, 10, 11, 13, 14, 15]",4,65.22,,
"[7, 10, 11, 13, 14, 15]",5,65.22,,
"[7, 10, 11, 13, 14, 15]",6,65.22,,
"[7, 10, 11, 13, 14, 15, 16]",3,65.22,,
"[7, 10, 11, 13, 14, 15, 16]",6,65.22,,
"[7, 10, 11, 13, 14, 15, 16]",7,65.22,,
"[7, 11, 13, 14, 15, 16]",4,65.22,,
"[7, 13, 14, 15]",3,65.22,,
"[7, 15, 16]",3,65.22,,
"[8, 9, 10, 11, 13, 14, 15]",4,65.22,,
"[8, 9, 10, 11, 13, 14, 15]",7,65.22,,
"[8, 9, 10, 11, 13, 14, 15, 16]",5,65.22,,
"[8, 9, 10, 11, 13, 14, 15, 16]",6,65.22,,
"[8, 9, 10, 11, 13, 14, 15, 16, 17]",3,65.22,,
"[8, 10, 11, 13, 14]",5,65.22,,
"[8, 10, 11, 13, 14]",7,65.22,,
"[8, 10, 11, 13, 14, 15]",3,65.22,,
"[8, 10, 11, 13, 14, 15, 16]",5,65.22,,
"[8, 10, 11, 13, 14, 15, 16]",6,65.22,,
"[8, 11, 13, 14, 15, 16, 17]",7,65.22,,
"[8, 13, 14]",5,65.22,,
"[8, 13, 14]",6,65.22,,
"[8, 13, 14]",7,65.22,,
"[8, 13, 14, 15]",4,65.22,,
"[8, 13, 14, 15]",5,65.22,,
"[8, 13, 14, 15]",6,65.22,,
"[8, 14]",5,65.22,,
"[8, 15]",7,65.22,,
"[8, 15, 16, 17]",7,65.22,,
"[9, 10, 11, 13, 14]",7,65.22,,
"[9, 10, 11, 13, 14, 15]",3,65.22,,
"[9, 10, 11, 13, 14, 15, 16]",6,65.22,,
"[9, 11, 13, 14]",5,65.22,,
"[9, 11, 13, 14]",6,65.22,,
"[9, 14, 15, 16]",5,65.22,,
"[10, 11, 13, 14]",5,65.22,,
"[10, 11, 13, 14]",6,65.22,,
"[10, 11, 13, 14]",7,65.22,,
"[10, 11, 13, 14, 15, 16]",6,65.22,,
"[10, 13, 14, 15, 16]",4,65.22,,
"[10, 13, 14, 15, 16]",7,65.22,,
"[10, 14, 15]",7,65.22,,
"[10, 14, 15, 16]",4,65.22,,
"[10, 14, 15, 16]",7,65.22,,
"[10, 15, 16]",6,65.22,,
"[10, 15, 16]",7,65.22,,
"[10, 17]",5,65.22,,
"[11, 13, 14]",5,65.22,,
"[11, 13, 14]",6,65.22,,
"[11, 14]",5,65.22,,
"[11, 14]",6,65.22,,
"[11, 14, 15, 16]",3,65.22,,
"[11, 14, 15, 16]",4,65.22,,
"[13, 14, 15]",4,65.22,,
"[13, 14, 15]",5,65.22,,
"[14, 15, 16]",7,65.22,,
"[15, 16]",6,65.22,,
"[15, 16]",7,65.22,,
[3],4,63.77,,
[3],6,63.77,,
"[3, 4, 5, 6, 7, 8, 9, 10, 11, 13, 14]",3,63.77,,
"[3, 4, 5, 6, 7, 8, 9, 10, 11, 13, 14]",4,63.77,,
"[3, 4, 5, 6, 7, 8, 9, 10, 11, 13, 14, 15]",3,63.77,,
"[3, 4, 5, 6, 7, 8, 9, 10, 11, 13, 14, 15]",5,63.77,,
"[3, 4, 5, 6, 7, 8, 9, 10, 11, 13, 14, 15]",6,63.77,,
"[3, 4, 5, 6, 7, 8, 9, 10, 11, 13, 14, 15, 16]",4,63.77,,
"[3, 4, 5, 6, 7, 8, 9, 10, 11, 13, 14, 15, 16]",7,63.77,,
"[3, 5, 6, 7, 8, 9, 10, 11, 13, 14, 15]",4,63.77,,
"[3, 5, 6, 7, 8, 9, 10, 11, 13, 14, 15]",5,63.77,,
"[3, 5, 6, 7, 8, 9, 10, 11, 13, 14, 15, 16]",4,63.77,,
"[3, 5, 6, 7, 8, 9, 10, 11, 13, 14, 15, 16]",7,63.77,,
"[3, 5, 6, 7, 8, 9, 10, 11, 13, 14, 15, 16, 17]",3,63.77,,
"[3, 6, 7, 8, 9, 10, 11, 13, 14, 15]",4,63.77,,
"[3, 6, 7, 8, 9, 10, 11, 13, 14, 15]",5,63.77,,
"[3, 6, 7, 8, 9, 10, 11, 13, 14, 15, 16]",3,63.77,,
"[3, 6, 7, 8, 9, 10, 11, 13, 14, 15, 16]",5,63.77,,
"[3, 6, 7, 8, 9, 10, 11, 13, 14, 15, 16]",6,63.77,,
"[3, 6, 7, 8, 9, 10, 11, 13, 14, 15, 16]",7,63.77,,
"[3, 6, 7, 8, 9, 10, 11, 13, 14, 15, 16, 17]",3,63.77,,
"[3, 7]",6,63.77,,
"[3, 7]",7,63.77,,
"[3, 7, 8, 9, 10, 11, 13, 14, 15]",4,63.77,,
"[3, 7, 8, 9, 10, 11, 13, 14, 15]",6,63.77,,
"[3, 7, 8, 9, 10, 11, 13, 14, 15, 16]",3,63.77,,
"[3, 7, 8, 9, 10, 11, 13, 14, 15, 16]",6,63.77,,
"[3, 7, 8, 9, 10, 11, 13, 14, 15, 16]",7,63.77,,
"[3, 8, 9, 10, 11, 13, 14]",7,63.77,,
"[3, 8, 9, 10, 11, 13, 14, 15]",3,63.77,,
"[3, 8, 9, 10, 11, 13, 14, 15]",6,63.77,,
"[3, 8, 9, 10, 11, 13, 14, 15, 16]",6,63.77,,
"[3, 8, 9, 10, 11, 13, 14, 15, 16, 17]",3,63.77,,
"[3, 9, 10, 11, 13, 14]",7,63.77,,
"[3, 9, 10, 11, 13, 14, 15]",3,63.77,,
"[3, 9, 10, 11, 13, 14, 15, 16]",6,63.77,,
"[3, 10, 11, 13, 14]",7,63.77,,
"[3, 10, 11, 13, 14, 15]",3,63.77,,
"[3, 10, 11, 13, 14, 15]",5,63.77,,
"[3, 10, 11, 13, 14, 15, 16]",6,63.77,,
"[3, 11, 13, 14]",5,63.77,,
"[3, 11, 13, 14]",7,63.77,,
"[3, 11, 13, 14, 15]",7,63.77,,
"[3, 11, 13, 14, 15, 16]",5,63.77,,
"[3, 13, 14]",7,63.77,,
"[3, 13, 14, 15]",7,63.77,,
"[3, 13, 14, 15, 16]",6,63.77,,
"[3, 14, 15]",5,63.77,,
"[3, 14, 15, 16]",4,63.77,,
"[3, 15, 16]",3,63.77,,
"[3, 15, 16]",6,63.77,,
"[4, 5]",3,63.77,,
"[4, 5, 6]",3,63.77,,
"[4, 5, 6, 7]",6,63.77,,
"[4, 5, 6, 7, 8, 9, 10, 11, 13, 14, 15]",4,63.77,,
"[4, 5, 6, 7, 8, 9, 10, 11, 13, 14, 15]",5,63.77,,
"[4, 5, 6, 7, 8, 9, 10, 11, 13, 14, 15, 16]",4,63.77,,
"[4, 5, 6, 7, 8, 9, 10, 11, 13, 14, 15, 16]",7,63.77,,
"[4, 5, 6, 7, 8, 9, 10, 11, 13, 14, 15, 16, 17]",3,63.77,,
"[4, 6]",4,63.77,,
"[4, 6, 7, 8, 9, 10, 11, 13, 14, 15]",4,63.77,,
"[4, 6, 7, 8, 9, 10, 11, 13, 14, 15]",5,63.77,,
"[4, 6, 7, 8, 9, 10, 11, 13, 14, 15, 16]",3,63.77,,
"[4, 6, 7, 8, 9, 10, 11, 13, 14, 15, 16]",5,63.77,,
"[4, 6, 7, 8, 9, 10, 11, 13, 14, 15, 16]",6,63.77,,
"[4, 6, 7, 8, 9, 10, 11, 13, 14, 15, 16]",7,63.77,,
"[4, 6, 7, 8, 9, 10, 11, 13, 14, 15, 16, 17]",3,63.77,,
"[4, 7, 8, 9, 10, 11, 13, 14, 15]",5,63.77,,
"[4, 7, 8, 9, 10, 11, 13, 14, 15]",7,63.77,,
"[4, 7, 8, 9, 10, 11, 13, 14, 15, 16]",3,63.77,,
"[4, 7, 8, 9, 10, 11, 13, 14, 15, 16]",6,63.77,,
"[4, 7, 8, 9, 10, 11, 13, 14, 15, 16]",7,63.77,,
"[4, 8, 9, 10, 11, 13, 14, 15]",3,63.77,,
"[4, 8, 9, 10, 11, 13, 14, 15]",5,63.77,,
"[4, 8, 9, 10, 11, 13, 14, 15, 16]",6,63.77,,
"[4, 8, 9, 10, 11, 13, 14, 15, 16, 17]",3,63.77,,
"[4, 9, 10, 11, 13, 14, 15]",3,63.77,,
"[4, 9, 10, 11, 13, 14, 15, 16]",6,63.77,,
"[4, 10, 11, 13, 14, 15]",3,63.77,,
"[4, 10, 11, 13, 14, 15]",5,63.77,,
"[4, 10, 11, 13, 14, 15, 16]",6,63.77,,
"[4, 11, 13, 14]",7,63.77,,
"[4, 11, 13, 14, 15]",6,63.77,,
"[4, 11, 13, 14, 15]",7,63.77,,
"[4, 11, 13, 14, 15, 16]",5,63.77,,
"[4, 13, 14, 15]",5,63.77,,
"[4, 13, 14, 15]",7,63.77,,
"[4, 13, 14, 15, 16]",6,63.77,,
"[4, 14, 15]",5,63.77,,
"[4, 14, 15, 16]",4,63.77,,
"[4, 15]",6,63.77,,
"[4, 15]",7,63.77,,
"[4, 15, 16]",3,63.77,,
"[4, 15, 16]",6,63.77,,
"[4, 17]",4,63.77,,
"[5, 6, 7, 8, 9, 10, 11, 13, 14, 15]",4,63.77,,
"[5, 6, 7, 8, 9, 10, 11, 13, 14, 15]",5,63.77,,
"[5, 6, 7, 8, 9, 10, 11, 13, 14, 15, 16]",3,63.77,,
"[5, 6, 7, 8, 9, 10, 11, 13, 14, 15, 16]",5,63.77,,
"[5, 6, 7, 8, 9, 10, 11, 13, 14, 15, 16]",6,63.77,,
"[5, 6, 7, 8, 9, 10, 11, 13, 14, 15, 16]",7,63.77,,
"[5, 6, 7, 8, 9, 10, 11, 13, 14, 15, 16, 17]",3,63.77,,
"[5, 7]",7,63.77,,
"[5, 7, 8, 9, 10, 11, 13, 14, 15]",4,63.77,,
"[5, 7, 8, 9, 10, 11, 13, 14, 15]",6,63.77,,
"[5, 7, 8, 9, 10, 11, 13, 14, 15, 16]",3,63.77,,
"[5, 7, 8, 9, 10, 11, 13, 14, 15, 16]",6,63.77,,
"[5, 7, 8, 9, 10, 11, 13, 14, 15, 16]",7,63.77,,
"[5, 8, 9, 10, 11, 13, 14]",7,63.77,,
"[5, 8, 9, 10, 11, 13, 14, 15]",3,63.77,,
"[5, 8, 9, 10, 11, 13, 14, 15]",6,63.77,,
"[5, 8, 9, 10, 11, 13, 14, 15, 16]",6,63.77,,
"[5, 9, 10, 11, 13, 14]",7,63.77,,
"[5, 9, 10, 11, 13, 14, 15]",3,63.77,,
"[5, 9, 10, 11, 13, 14, 15]",5,63.77,,
"[5, 9, 10, 11, 13, 14, 15, 16]",6,63.77,,
"[5, 10, 11, 13, 14]",7,63.77,,
"[5, 10, 11, 13, 14, 15]",3,63.77,,
"[5, 10, 11, 13, 14, 15]",5,63.77,,
"[5, 10, 11, 13, 14, 15, 16]",6,63.77,,
"[5, 11, 13, 14]",3,63.77,,
"[5, 11, 13, 14]",4,63.77,,
"[5, 11, 13, 14]",5,63.77,,
"[5, 11, 13, 14]",7,63.77,,
"[5, 11, 13, 14, 15]",7,63.77,,
"[5, 11, 13, 14, 15, 16]",5,63.77,,
"[5, 13, 14]",7,63.77,,
"[5, 13, 14, 15]",7,63.77,,
"[5, 13, 14, 15, 16]",6,63.77,,
"[5, 15, 16]",6,63.77,,
"[6, 7, 8, 9, 10, 11, 13, 14, 15]",5,63.77,,
"[6, 7, 8, 9, 10, 11, 13, 14, 15]",7,63.77,,
"[6, 7, 8, 9, 10, 11, 13, 14, 15, 16]",5,63.77,,
"[6, 7, 8, 9, 10, 11, 13, 14, 15, 16]",6,63.77,,
"[6, 7, 8, 9, 10, 11, 13, 14, 15, 16]",7,63.77,,
"[6, 7, 8, 9, 10, 11, 13, 14, 15, 16, 17]",3,63.77,,
"[6, 8, 9, 10, 11, 13, 14, 15]",3,63.77,,
"[6, 8, 9, 10, 11, 13, 14, 15]",5,63.77,,
"[6, 8, 9, 10, 11, 13, 14, 15, 16]",5,63.77,,
"[6, 8, 9, 10, 11, 13, 14, 15, 16]",6,63.77,,
"[6, 9, 10, 11, 13, 14, 15]",3,63.77,,
"[6, 9, 10, 11, 13, 14, 15]",5,63.77,,
"[6, 9, 10, 11, 13, 14, 15, 16]",5,63.77,,
"[6, 9, 10, 11, 13, 14, 15, 16]",6,63.77,,
"[6, 9, 10, 11, 13, 14, 15, 16, 17]",3,63.77,,
"[6, 10, 11, 13, 14]",5,63.77,,
"[6, 10, 11, 13, 14, 15]",3,63.77,,
"[6, 10, 11, 13, 14, 15]",5,63.77,,
"[6, 10, 11, 13, 14, 15, 16]",5,63.77,,
"[6, 10, 11, 13, 14, 15, 16]",6,63.77,,
"[6, 11, 13, 14]",7,63.77,,
"[6, 11, 13, 14, 15]",6,63.77,,
"[6, 11, 13, 14, 15, 16]",6,63.77,,
"[6, 13, 14, 15]",7,63.77,,
"[6, 13, 14, 15, 16]",7,63.77,,
"[6, 14, 15]",5,63.77,,
"[6, 14, 15, 16]",4,63.77,,
"[6, 14, 15, 16]",7,63.77,,
"[6, 16, 17]",3,63.77,,
"[6, 16, 17]",6,63.77,,
"[7, 8, 9, 10, 11, 13, 14, 15]",7,63.77,,
"[7, 9, 10, 11, 13, 14, 15, 16]",5,63.77,,
"[7, 10, 11, 13, 14, 15, 16]",5,63.77,,
"[7, 13, 14, 15, 16]",3,63.77,,
"[7, 14, 15, 16]",6,63.77,,
"[7, 14, 15, 16]",7,63.77,,
"[7, 15, 16]",6,63.77,,
"[7, 16]",4,63.77,,
"[7, 16, 17]",3,63.77,,
"[7, 16, 17]",6,63.77,,
"[8, 9, 10, 11, 13, 14]",5,63.77,,
"[8, 9, 10, 11, 13, 14]",6,63.77,,
"[8, 9, 10, 11, 13, 14]",7,63.77,,
"[8, 10, 11, 13, 14]",6,63.77,,
"[8, 10, 11, 13, 14, 15]",6,63.77,,
"[8, 10, 11, 13, 14, 15, 16, 17]",3,63.77,,
"[8, 11, 13, 14, 15]",3,63.77,,
"[8, 11, 13, 14, 15, 16, 17]",3,63.77,,
"[8, 11, 13, 14, 15, 16, 17]",4,63.77,,
"[8, 11, 13, 14, 15, 16, 17]",6,63.77,,
"[8, 13, 14, 15, 16, 17]",3,63.77,,
"[8, 13, 14, 15, 16, 17]",4,63.77,,
"[8, 13, 14, 15, 16, 17]",7,63.77,,
"[8, 14]",3,63.77,,
"[8, 14]",4,63.77,,
"[8, 14, 15]",4,63.77,,
"[8, 14, 15]",5,63.77,,
"[8, 14, 15]",6,63.77,,
"[8, 15, 16, 17]",6,63.77,,
"[9, 10, 11, 13, 14]",5,63.77,,
"[9, 10, 11, 13, 14]",6,63.77,,
"[9, 10, 11, 13, 14, 15]",6,63.77,,
"[9, 10, 11, 13, 14, 15, 16]",5,63.77,,
"[9, 11, 13, 14, 15]",3,63.77,,
"[9, 11, 13, 14, 15, 16, 17]",7,63.77,,
"[9, 13, 14, 15, 16, 17]",7,63.77,,
"[9, 14, 15]",4,63.77,,
"[9, 15, 16]",5,63.77,,
"[9, 17]",4,63.77,,
[10],3,63.77,,
"[10, 11, 13, 14, 15]",3,63.77,,
"[10, 11, 13, 14, 15]",6,63.77,,
"[10, 11, 13, 14, 15, 16]",5,63.77,,
"[10, 13, 14]",5,63.77,,
"[10, 13, 14]",6,63.77,,
"[10, 13, 14, 15]",6,63.77,,
"[10, 13, 14, 15, 16]",6,63.77,,
"[10, 14, 15]",5,63.77,,
"[10, 14, 15]",6,63.77,,
"[10, 14, 15, 16]",6,63.77,,
"[10, 15]",5,63.77,,
"[10, 16, 17]",4,63.77,,
"[10, 16, 17]",7,63.77,,
"[10, 17]",4,63.77,,
"[11, 13, 14, 15]",3,63.77,,
"[11, 13, 14, 15, 16, 17]",7,63.77,,
"[11, 14, 15, 16]",5,63.77,,
"[11, 15, 16, 17]",7,63.77,,
"[13, 15, 16, 17]",7,63.77,,
"[14, 15, 16]",4,63.77,,
"[14, 15, 16]",6,63.77,,
"[14, 16, 17]",7,63.77,,
"[3, 4, 5, 6, 7, 8, 9, 10, 11, 13, 14, 15]",4,62.32,,
"[3, 4, 5, 6, 7, 8, 9, 10, 11, 13, 14, 15, 16]",3,62.32,,
"[3, 5, 6, 7]",7,62.32,,
"[3, 7, 8, 9, 10, 11, 13, 14, 15]",5,62.32,,
"[3, 7, 8, 9, 10, 11, 13, 14, 15, 16]",5,62.32,,
"[3, 8, 9, 10, 11, 13, 14, 15, 16]",5,62.32,,
"[3, 9, 10, 11, 13, 14, 15, 16]",5,62.32,,
"[3, 9, 10, 11, 13, 14, 15, 16, 17]",3,62.32,,
"[3, 10, 11, 13, 14]",6,62.32,,
"[3, 10, 11, 13, 14, 15, 16]",5,62.32,,
"[3, 11, 13, 14]",3,62.32,,
"[3, 11, 13, 14]",4,62.32,,
"[3, 11, 13, 14, 15]",5,62.32,,
"[3, 11, 13, 14, 15]",6,62.32,,
"[3, 13, 14]",5,62.32,,
"[3, 13, 14, 15]",5,62.32,,
"[3, 13, 14, 15]",6,62.32,,
"[3, 13, 14, 15, 16]",5,62.32,,
"[3, 14, 15]",6,62.32,,
"[3, 14, 15]",7,62.32,,
"[3, 14, 15, 16]",6,62.32,,
"[3, 14, 15, 16]",7,62.32,,
"[3, 15, 16]",4,62.32,,
"[3, 15, 16]",7,62.32,,
"[3, 16, 17]",4,62.32,,
"[3, 17]",3,62.32,,
"[3, 17]",4,62.32,,
"[4, 5, 6, 7]",7,62.32,,
"[4, 6]",3,62.32,,
"[4, 7, 8, 9, 10, 11, 13, 14, 15, 16]",5,62.32,,
"[4, 8, 9, 10, 11, 13, 14]",5,62.32,,
"[4, 8, 9, 10, 11, 13, 14, 15]",4,62.32,,
"[4, 8, 9, 10, 11, 13, 14, 15, 16]",5,62.32,,
"[4, 9, 10, 11, 13, 14]",6,62.32,,
"[4, 9, 10, 11, 13, 14, 15]",5,62.32,,
"[4, 9, 10, 11, 13, 14, 15, 16]",5,62.32,,
"[4, 9, 10, 11, 13, 14, 15, 16, 17]",3,62.32,,
"[4, 10, 11, 13, 14, 15, 16]",5,62.32,,
"[4, 11, 13, 14]",5,62.32,,
"[4, 11, 13, 14, 15]",3,62.32,,
"[4, 11, 13, 14, 15]",4,62.32,,
"[4, 13, 14]",7,62.32,,
"[4, 13, 14, 15]",6,62.32,,
"[4, 13, 14, 15, 16]",5,62.32,,
"[4, 14, 15]",6,62.32,,
"[4, 14, 15]",7,62.32,,
"[4, 14, 15, 16]",6,62.32,,
"[4, 14, 15, 16]",7,62.32,,
"[4, 15]",5,62.32,,
"[4, 15, 16]",4,62.32,,
"[4, 15, 16]",7,62.32,,
"[4, 16, 17]",4,62.32,,
"[4, 16, 17]",7,62.32,,
"[5, 7, 8, 9, 10, 11, 13, 14, 15]",5,62.32,,
"[5, 7, 8, 9, 10, 11, 13, 14, 15, 16]",5,62.32,,
"[5, 7, 8, 9, 10, 11, 13, 14, 15, 16, 17]",3,62.32,,
"[5, 8, 9, 10, 11, 13, 14, 15, 16]",5,62.32,,
"[5, 9, 10, 11, 13, 14, 15, 16]",5,62.32,,
"[5, 9, 10, 11, 13, 14, 15, 16, 17]",3,62.32,,
"[5, 10, 11, 13, 14]",6,62.32,,
"[5, 10, 11, 13, 14, 15, 16]",5,62.32,,
"[5, 11, 13, 14, 15]",3,62.32,,
"[5, 11, 13, 14, 15]",4,62.32,,
"[5, 11, 13, 14, 15]",5,62.32,,
"[5, 11, 13, 14, 15]",6,62.32,,
"[5, 13, 14]",3,62.32,,
"[5, 13, 14]",4,62.32,,
"[5, 13, 14]",5,62.32,,
"[5, 13, 14, 15]",3,62.32,,
"[5, 13, 14, 15]",4,62.32,,
"[5, 13, 14, 15]",5,62.32,,
"[5, 13, 14, 15]",6,62.32,,
"[5, 13, 14, 15, 16]",5,62.32,,
"[5, 14]",5,62.32,,
"[5, 14, 15]",3,62.32,,
"[5, 14, 15]",4,62.32,,
"[5, 14, 15]",6,62.32,,
"[5, 14, 15]",7,62.32,,
"[5, 14, 15, 16]",6,62.32,,
"[5, 14, 15, 16]",7,62.32,,
"[5, 15, 16]",4,62.32,,
"[5, 15, 16]",7,62.32,,
"[5, 16, 17]",4,62.32,,
"[6, 8, 9, 10, 11, 13, 14]",5,62.32,,
"[6, 8, 9, 10, 11, 13, 14]",7,62.32,,
"[6, 8, 9, 10, 11, 13, 14, 15]",4,62.32,,
"[6, 8, 9, 10, 11, 13, 14, 15, 16, 17]",4,62.32,,
"[6, 9, 10, 11, 13, 14]",6,62.32,,
"[6, 9, 10, 11, 13, 14]",7,62.32,,
"[6, 10, 11, 13, 14]",7,62.32,,
"[6, 10, 11, 13, 14, 15, 16, 17]",3,62.32,,
"[6, 11, 13, 14]",3,62.32,,
"[6, 11, 13, 14]",5,62.32,,
"[6, 11, 13, 14, 15]",5,62.32,,
"[6, 13, 14]",3,62.32,,
"[6, 13, 14]",4,62.32,,
"[6, 13, 14]",5,62.32,,
"[6, 13, 14]",7,62.32,,
"[6, 13, 14, 15, 16]",6,62.32,,
"[6, 14, 15]",6,62.32,,
"[6, 14, 15]",7,62.32,,
"[6, 14, 15, 16]",6,62.32,,
"[6, 15]",5,62.32,,
"[6, 15, 16]",4,62.32,,
"[6, 16, 17]",4,62.32,,
"[7, 8, 9, 10, 11, 13, 14, 15, 16]",4,62.32,,
"[7, 8, 9, 10, 11, 13, 14, 15, 16, 17]",3,62.32,,
"[7, 9, 10, 11, 13, 14, 15, 16]",4,62.32,,
"[7, 10, 11, 13, 14, 15, 16]",4,62.32,,
"[7, 11, 13, 14, 15, 16, 17]",6,62.32,,
"[7, 11, 13, 14, 15, 16, 17]",7,62.32,,
"[7, 14, 15, 16]",3,62.32,,
"[7, 15, 16]",4,62.32,,
"[7, 15, 16, 17]",7,62.32,,
"[7, 16]",3,62.32,,
"[7, 16]",7,62.32,,
"[8, 9, 10, 11, 13, 14, 15, 16, 17]",4,62.32,,
"[8, 10, 11, 13, 14, 15]",4,62.32,,
"[8, 10, 11, 13, 14, 15, 16, 17]",4,62.32,,
"[8, 13, 14, 15]",3,62.32,,
"[8, 13, 14, 15, 16, 17]",6,62.32,,
"[8, 14, 15]",3,62.32,,
"[8, 14, 15, 16, 17]",7,62.32,,
"[8, 17]",7,62.32,,
"[9, 10, 11, 13, 14, 15]",4,62.32,,
"[9, 10, 11, 13, 14, 15, 16, 17]",3,62.32,,
"[9, 11, 13, 14, 15, 16, 17]",3,62.32,,
"[9, 11, 13, 14, 15, 16, 17]",4,62.32,,
"[9, 11, 13, 14, 15, 16, 17]",6,62.32,,
"[9, 13, 14, 15]",3,62.32,,
"[9, 13, 14, 15, 16, 17]",3,62.32,,
"[9, 13, 14, 15, 16, 17]",4,62.32,,
"[9, 13, 14, 15, 16, 17]",6,62.32,,
"[9, 14]",3,62.32,,
"[9, 14]",4,62.32,,
"[9, 14, 15]",3,62.32,,
"[9, 15, 16]",4,62.32,,
"[9, 15, 16, 17]",7,62.32,,
"[9, 17]",7,62.32,,
"[10, 11, 13, 14, 15]",4,62.32,,
"[10, 11, 13, 14, 15, 16, 17]",3,62.32,,
"[10, 13, 14]",7,62.32,,
"[10, 13, 14, 15]",3,62.32,,
"[10, 13, 14, 15, 16, 17]",3,62.32,,
"[10, 14]",4,62.32,,
"[10, 14]",5,62.32,,
"[10, 14]",6,62.32,,
"[10, 14, 15]",3,62.32,,
"[10, 14, 15, 16]",5,62.32,,
"[10, 15, 16]",4,62.32,,
"[10, 15, 16]",5,62.32,,
"[11, 13, 14, 15, 16, 17]",6,62.32,,
"[11, 15, 16]",5,62.32,,
"[11, 15, 16, 17]",3,62.32,,
"[11, 15, 16, 17]",6,62.32,,
"[13, 14, 15]",3,62.32,,
"[13, 15, 16, 17]",3,62.32,,
"[13, 15, 16, 17]",6,62.32,,
"[14, 15, 16]",5,62.32,,
"[15, 16, 17]",7,62.32,,
"[15, 17]",7,62.32,,
[16],7,62.32,,
"[16, 17]",5,62.32,,
[3],3,60.87,,
"[3, 4, 5, 6, 7, 8, 9, 10, 11, 13, 14, 15, 16, 17]",3,60.87,,
"[3, 4, 5, 6, 7, 8, 9, 10, 11, 13, 14, 15, 16, 17]",7,60.87,,
"[3, 5]",3,60.87,,
"[3, 5, 6, 7, 8, 9, 10, 11, 13, 14, 15, 16, 17]",7,60.87,,
"[3, 7, 8, 9, 10, 11, 13, 14, 15, 16]",4,60.87,,
"[3, 7, 8, 9, 10, 11, 13, 14, 15, 16, 17]",3,60.87,,
"[3, 8, 9, 10, 11, 13, 14]",6,60.87,,
"[3, 8, 9, 10, 11, 13, 14, 15]",4,60.87,,
"[3, 10, 11, 13, 14, 15, 16, 17]",3,60.87,,
"[3, 11, 13, 14]",6,60.87,,
"[3, 11, 13, 14, 15]",3,60.87,,
"[3, 11, 13, 14, 15]",4,60.87,,
"[3, 11, 13, 14, 15, 16, 17]",3,60.87,,
"[3, 13, 14]",3,60.87,,
"[3, 13, 14]",6,60.87,,
"[3, 13, 14, 15]",3,60.87,,
"[3, 13, 14, 15]",4,60.87,,
"[3, 13, 14, 15, 16, 17]",3,60.87,,
"[3, 14]",6,60.87,,
"[3, 14]",7,60.87,,
"[3, 15, 16]",5,60.87,,
"[3, 15, 16, 17]",3,60.87,,
"[3, 16, 17]",7,60.87,,
[4],3,60.87,,
"[4, 5, 6, 7, 8, 9, 10, 11, 13, 14, 15, 16, 17]",7,60.87,,
"[4, 7, 8, 9, 10, 11, 13, 14, 15, 16, 17]",3,60.87,,
"[4, 9, 10, 11, 13, 14]",7,60.87,,
"[4, 9, 10, 11, 13, 14, 15]",4,60.87,,
"[4, 10, 11, 13, 14]",6,60.87,,
"[4, 10, 11, 13, 14]",7,60.87,,
"[4, 10, 11, 13, 14, 15]",4,60.87,,
"[4, 11, 13, 14]",6,60.87,,
"[4, 11, 13, 14, 15, 16, 17]",3,60.87,,
"[4, 13, 14]",3,60.87,,
"[4, 13, 14, 15, 16, 17]",3,60.87,,
"[4, 14]",7,60.87,,
"[4, 15, 16]",5,60.87,,
"[4, 15, 16, 17]",3,60.87,,
"[5, 7, 8, 9, 10, 11, 13, 14, 15, 16]",4,60.87,,
"[5, 8, 9, 10, 11, 13, 14]",6,60.87,,
"[5, 8, 9, 10, 11, 13, 14, 15]",4,60.87,,
"[5, 11, 13, 14]",6,60.87,,
"[5, 11, 13, 14, 15, 16, 17]",3,60.87,,
"[5, 13, 14]",6,60.87,,
"[5, 14]",3,60.87,,
"[5, 14]",4,60.87,,
"[5, 14]",6,60.87,,
"[5, 14]",7,60.87,,
"[5, 14, 15, 16]",5,60.87,,
"[5, 15]",6,60.87,,
"[5, 15, 16]",5,60.87,,
"[5, 15, 16, 17]",3,60.87,,
"[6, 10, 11, 13, 14]",6,60.87,,
"[6, 11, 13, 14]",6,60.87,,
"[6, 11, 13, 14, 15, 16]",5,60.87,,
"[6, 13, 14]",6,60.87,,
"[6, 13, 14, 15]",6,60.87,,
"[6, 14]",3,60.87,,
"[6, 14]",4,60.87,,
"[6, 14, 15]",3,60.87,,
"[6, 15, 16]",5,60.87,,
"[7, 14, 15, 16]",5,60.87,,
"[7, 15, 16]",5,60.87,,
"[7, 16, 17]",5,60.87,,
"[8, 9, 10, 11, 13, 14, 15, 16, 17]",7,60.87,,
"[8, 14, 15, 16, 17]",6,60.87,,
"[8, 15, 16, 17]",3,60.87,,
"[8, 17]",4,60.87,,
[9],3,60.87,,
[9],4,60.87,,
"[9, 14]",5,60.87,,
"[9, 14, 15, 16, 17]",7,60.87,,
"[9, 15, 16, 17]",3,60.87,,
"[10, 13, 14, 15, 16]",5,60.87,,
"[10, 14]",3,60.87,,
"[10, 14, 15]",4,60.87,,
"[10, 15, 16, 17]",3,60.87,,
"[11, 13, 14, 15, 16, 17]",3,60.87,,
"[11, 13, 14, 15, 16, 17]",4,60.87,,
"[11, 14, 15]",3,60.87,,
"[11, 14, 15, 16, 17]",3,60.87,,
"[11, 14, 15, 16, 17]",7,60.87,,
"[11, 15, 16]",4,60.87,,
"[13, 14, 15, 16, 17]",3,60.87,,
"[13, 14, 15, 16, 17]",4,60.87,,
"[13, 14, 15, 16, 17]",7,60.87,,
"[14, 15, 16, 17]",3,60.87,,
"[14, 15, 16, 17]",4,60.87,,
"[14, 15, 16, 17]",7,60.87,,
"[14, 17]",6,60.87,,
"[15, 16]",5,60.87,,
[17],6,60.87,,
[17],7,60.87,,
"[3, 6, 7, 8, 9, 10, 11, 13, 14, 15, 16, 17]",7,59.42,,
"[3, 7, 8, 9, 10, 11, 13, 14, 15, 16, 17]",6,59.42,,
"[3, 11, 13, 14, 15, 16, 17]",4,59.42,,
"[3, 11, 13, 14, 15, 16, 17]",7,59.42,,
"[3, 13, 14, 15, 16, 17]",4,59.42,,
"[3, 13, 14, 15, 16, 17]",7,59.42,,
"[3, 14]",3,59.42,,
"[3, 14]",4,59.42,,
"[3, 14, 15]",3,59.42,,
"[3, 14, 15]",4,59.42,,
"[3, 14, 15, 16]",5,59.42,,
"[3, 14, 15, 16, 17]",3,59.42,,
"[3, 14, 15, 16, 17]",7,59.42,,
"[4, 6, 7, 8, 9, 10, 11, 13, 14, 15, 16, 17]",7,59.42,,
"[4, 8, 9, 10, 11, 13, 14]",6,59.42,,
"[4, 11, 13, 14, 15, 16, 17]",7,59.42,,
"[4, 13, 14]",6,59.42,,
"[4, 13, 14, 15, 16, 17]",7,59.42,,
"[4, 14]",4,59.42,,
"[4, 14]",5,59.42,,
"[4, 14]",6,59.42,,
"[4, 14, 15]",3,59.42,,
"[4, 14, 15]",4,59.42,,
"[4, 14, 15, 16]",5,59.42,,
"[4, 14, 15, 16, 17]",3,59.42,,
"[4, 14, 15, 16, 17]",7,59.42,,
"[5, 6, 7, 8, 9, 10, 11, 13, 14, 15, 16, 17]",7,59.42,,
"[5, 7, 8, 9, 10, 11, 13, 14, 15, 16, 17]",6,59.42,,
"[5, 11, 13, 14, 15, 16, 17]",4,59.42,,
"[5, 11, 13, 14, 15, 16, 17]",7,59.42,,
"[5, 13, 14, 15, 16, 17]",3,59.42,,
"[5, 13, 14, 15, 16, 17]",4,59.42,,
"[5, 13, 14, 15, 16, 17]",7,59.42,,
"[5, 14, 15, 16, 17]",3,59.42,,
"[5, 14, 15, 16, 17]",7,59.42,,
"[6, 8, 9, 10, 11, 13, 14]",6,59.42,,
"[6, 13, 14, 15, 16]",5,59.42,,
"[6, 14]",6,59.42,,
"[6, 14, 15]",4,59.42,,
"[6, 14, 15, 16]",5,59.42,,
"[7, 8, 9, 10, 11, 13, 14, 15, 16, 17]",6,59.42,,
"[7, 8, 9, 10, 11, 13, 14, 15, 16, 17]",7,59.42,,
"[7, 9, 10, 11, 13, 14, 15, 16, 17]",3,59.42,,
"[7, 10, 11, 13, 14, 15, 16, 17]",3,59.42,,
"[7, 13, 14, 15, 16, 17]",6,59.42,,
"[7, 13, 14, 15, 16, 17]",7,59.42,,
"[7, 14]",6,59.42,,
"[7, 14, 15, 16, 17]",6,59.42,,
"[7, 14, 15, 16, 17]",7,59.42,,
"[7, 15, 16, 17]",4,59.42,,
"[7, 15, 16, 17]",6,59.42,,
"[7, 16, 17]",4,59.42,,
"[7, 17]",4,59.42,,
"[8, 14, 15, 16, 17]",3,59.42,,
"[8, 14, 15, 16, 17]",4,59.42,,
"[8, 15, 16, 17]",4,59.42,,
"[9, 14, 15, 16, 17]",3,59.42,,
"[9, 14, 15, 16, 17]",6,59.42,,
"[9, 15]",3,59.42,,
"[9, 15]",4,59.42,,
"[9, 17]",3,59.42,,
"[10, 11, 13, 14, 15, 16, 17]",4,59.42,,
"[10, 13, 14, 15, 16, 17]",4,59.42,,
"[10, 14, 15, 16, 17]",3,59.42,,
"[10, 14, 15, 16, 17]",4,59.42,,
"[11, 14, 15, 16, 17]",4,59.42,,
"[11, 14, 15, 16, 17]",6,59.42,,
"[13, 14, 15, 16, 17]",6,59.42,,
"[13, 15, 16, 17]",4,59.42,,
"[14, 15, 16, 17]",6,59.42,,
"[14, 16, 17]",4,59.42,,
"[14, 16, 17]",5,59.42,,
"[14, 16, 17]",6,59.42,,
"[15, 16]",4,59.42,,
"[15, 16, 17]",4,59.42,,
"[15, 17]",6,59.42,,
[17],5,59.42,,
"[3, 11, 13, 14, 15, 16, 17]",5,57.97,,
"[3, 15, 16, 17]",4,57.97,,
"[5, 11, 13, 14, 15, 16, 17]",5,57.97,,
"[7, 11, 13, 14, 15, 16, 17]",3,57.97,,
"[7, 13, 14, 15, 16, 17]",3,57.97,,
"[7, 14]",7,57.97,,
"[7, 14, 15, 16, 17]",3,57.97,,
"[8, 11, 13, 14, 15, 16, 17]",5,57.97,,
"[14, 15]",5,57.97,,
"[14, 15]",6,57.97,,
"[16, 17]",4,57.97,,
"[3, 13, 14, 15, 16, 17]",5,56.52,,
"[4, 15, 16, 17]",4,56.52,,
"[5, 15, 16, 17]",4,56.52,,
"[7, 14, 15]",6,56.52,,
"[9, 11, 13, 14, 15, 16, 17]",5,56.52,,
"[9, 13, 14, 15, 16, 17]",5,56.52,,
"[11, 13, 14, 15, 16, 17]",5,56.52,,
"[13, 14, 15, 16, 17]",5,56.52,,
"[14, 15]",7,55.07,,
"[14, 17]",3,55.07,,
[17],4,55.07,,
"[7, 14]",5,53.62,,
[8],3,53.62,,
[8],4,53.62,,
[17],3,52.17,,
[7],3,43.48,,
[7],4,43.48,,
[7],5,37.68,,
